{"cameraMode":{"drawMode":0,"name":"Shaded","section":"Shading Mode"},"sceneLighting":false,"audioPlay":false,"sceneViewState":{"showFog":true,"showMaterialUpdate":false,"showSkybox":false,"showFlares":true,"showImageEffects":true,"showParticleSystems":true},"in2DMode":false,"pivot":{"x":0.01617431640625,"y":1.213623046875,"z":0.46044921875},"rotation":{"x":-0.12189699709415436,"y":-0.30388399958610537,"z":0.03920631855726242,"w":-0.9440765380859375},"size":2.607618808746338,"orthographic":true}